{"cameraMode":{"drawMode":0,"name":"Shaded","section":"Shading Mode"},"sceneLighting":false,"audioPlay":false,"sceneViewState":{"m_AlwaysRefresh":false,"showFog":true,"showSkybox":false,"showFlares":true,"showImageEffects":true,"showParticleSystems":true,"showVisualEffectGraphs":true,"m_FxEnabled":true},"in2DMode":false,"pivot":{"x":9.352792739868164,"y":0.0027923583984375,"z":57.400001525878909},"rotation":{"x":0.08820115029811859,"y":0.6862837672233582,"z":-0.08442328870296478,"w":0.7170194387435913},"size":16.619089126586915,"orthographic":true}